Tenure,Bandwidth_GB_Year,MonthlyCharge,Outage_sec_perweek,Income,Population
0.2439902909680313,0.24546014638071656,-0.002592665539351191,0.0011615114886799286,-0.002428215967836672,-0.011339126604554732
0.24546014638071656,0.2530578008269387,0.023642822260392698,0.001470229824410161,0.006588419911449168,0.012007780974658617
-0.002592665539351191,0.023642822260392698,0.5066999839752427,0.010552403407530442,0.01473734528392602,0.042675779516608406
0.0011615114886799286,0.001470229824410161,0.010552403407530442,0.5672416145970661,-0.007073982098913714,0.002465344267335273
-0.002428215967836672,0.006588419911449168,0.01473734528392602,-0.007073982098913714,0.7250333516698,0.09912138127627157
-0.011339126604554732,0.012007780974658617,0.042675779516608406,0.002465344267335273,0.09912138127627157,1.6514073730127654
